task_id,condition,rep,uuid,quality_score,iterations,tokens,elapsed,completion,af_interventions,final_regime,final_lambda,test_passed,judge_rationale
A01,ralph,0,d6829a1c,9,2,4677,58.01,True,0,,0.0,,"Exceptional analysis correctly identifying all complexity claims and crucially discovering a genuine correctness bug (incomplete pair finding with duplicates) that many submissions miss, with detailed traces, test cases, and a corrected version. Minor clarity deduction for the two-iteration presentation format."
C02,ralph,0,84d76e2b,9,1,916,34.67,True,0,,0.0,False,"Correct implementation with proper thread safety, continuous refill logic, and lazy initialization that aligns perfectly with mocked time values in tests; minor: insight explanation could be more comprehensive about the monotonic time design choice."
C02,attractor,0,1c288154,2,1,1023,18.15,True,0,UNKNOWN,0.0,False,"The implementation fails the provided test suite due to critical bugs: (1) initializing last_refill_time in __init__ causes time.monotonic() to be called 4 times in test_refill when only 3 values are provided, and (2) in test_refill, the second allow(1) call would see time advance from 0.0 to 1.0, refill tokens, and return True when the test expects False. The lazy initialization pattern required for the mocks to work is missing."
C02,combined,0,2f86fab9,10,1,990,39.07,True,0,,0.0,False,"Flawless implementation: correct logic for continuous refilling, proper lazy initialization for mockable time, thread-safe locking, and all edge cases (capacity capping, concurrency) handled correctly. Code is well-documented and passes all test requirements."
C02,attractor,1,2f3a034e,9,1,998,48.27,True,0,UNKNOWN,0.0,False,"Excellent implementation with correct thread-safe token bucket logic, proper lazy initialization for test mockability, and thorough explanation of design choices. All four test cases should pass with precise trace-through behavior."
C02,combined,1,90ada5fe,10,1,907,41.17,True,0,,0.0,False,"Exceptional solution: all four tests pass, thread-safety correctly enforced via lock, lazy time initialization aligns with mock strategy, continuous refill formula is correct and caps at capacity, code is clear and well-explained with insightful commentary."
C02,ralph,1,c130a797,9,1,1019,34.24,True,0,,0.0,False,"Excellent solution: correctly implements all requirements, passes all test cases (verified by tracing through mocked time sequences), handles thread safety with proper locking, and includes clear code with outstanding educational insight explaining the initialization timing strategy and synchronization guarantees."
C02,combined,2,5a7467f8,10,1,985,41.51,True,0,,0.0,False,"Implementation is correct, complete, and passes all test cases. Thread-safe locking, continuous refill formula, lazy initialization, and capacity capping all work as specified. Code is clear with proper docstrings. Insights provided demonstrate deep understanding of design choices."
C02,ralph,2,50ab55dd,10,1,878,27.35,True,0,,0.0,False,"Implementation is correct, complete, and well-structured. All four test cases pass: basic consumption works, refill logic correctly calculates elapsed time, capacity capping prevents overflow, and thread safety via lock prevents over-granting. Lazy initialization of last_refill_time matches test expectations perfectly. Code is clear, thread-safe, and follows spec exactly."
C02,attractor,2,414c4ca0,9,1,989,29.02,True,0,UNKNOWN,0.0,False,"Correct and complete implementation that passes all test cases, with thread-safe locking, proper continuous token refill, and clever lazy initialization for time mocking. The explanation is clear and shows deep understanding of the problem. Minor: signature adds optional time_func parameter beyond spec, but this is actually good design practice."
C03,ralph,0,f24d2b8e,9,1,942,23.84,True,0,,0.0,False,"Submission correctly identifies and fixes all three bugs (shared lock for conditions, pop(0) for actual dequeue, and proper coordination), provides complete working code with inline comments as requested, includes clear explanations of each bug and underlying principles via the Insight section, and properly formats output; minor enhancement opportunity (e.g., mentioning pop(0) performance implications or deque alternative)."
C03,attractor,0,c4e8bf1c,9,1,929,25.1,True,0,UNKNOWN,0.0,False,Correctly identifies and fixes all three race condition bugs with sound reasoning; the solution will pass all test cases. Minor deduction: BUG 2 lacks an explicit inline comment in the fixed code (though it is explained in the narrative and resolved by the shared-lock fix).
C03,combined,0,782b7ab2,10,1,903,24.59,True,0,,0.0,False,"All 3 bugs identified and fixed correctly with clear explanations of root causes, proper code formatting with inline comments, and valuable educational insights on condition variables and concurrent queue operations."
C03,attractor,1,e15b5d79,9,1,933,19.3,True,0,UNKNOWN,0.0,False,"Submission correctly identifies all 3 bugs, provides correct and working code with clear inline comments, includes insightful explanations of the concurrency issues, and follows all format requirements; minor opportunity for deeper discussion of TOCTOU mechanics and condition variable semantics."
C03,combined,1,d3829268,10,1,800,26.16,True,0,,0.0,False,"All three bugs are correctly identified and fixed with sound reasoning. The shared lock fix resolves race conditions between conditions, pop(0) restores FIFO semantics, and the explanation demonstrates deep understanding of Python's Condition synchronization primitives."
C03,ralph,1,e0fe835e,10,1,959,30.93,True,0,,0.0,False,"All 3 bugs correctly identified with accurate fixes; complete explanation of each bug's consequences; clear inline comments; excellent educational insights on condition variables, notification semantics, and FIFO behavior; code is correct and will pass all tests."
C03,combined,2,0de2e884,9,1,938,21.57,True,0,,0.0,False,"Exceptional submission. All 3 bugs identified and fixed correctly with clear explanations and well-formatted code. Inline comments mark each fix precisely. The insight block provides valuable context on condition variables, notification patterns, and FIFO semantics. Minor gap: doesn't explicitly connect fixes to test suite validation or discuss pop(0) performance implications."
C03,ralph,2,5e9a83ae,10,1,980,19.11,True,0,,0.0,False,All three bugs correctly identified and fixed with proper explanations. Code will pass all tests. Proper formatting with inline comments. Includes educational insights about condition variable semantics and producer-consumer patterns.
C03,attractor,2,fd057722,8,1,986,29.87,True,0,UNKNOWN,0.0,False,"All three bugs are correctly identified and fixed (shared lock in Condition constructors, safe notify via shared lock, pop(0) for FIFO semantics); solution is thorough with sound reasoning; code is clearly organized with inline comments and should pass all tests."
C04,ralph,0,5b6f632b,10,1,999,18.88,True,0,,0.0,False,"Exceptional implementation: correct O(1) get/put with doubly-linked list + hashmap, passes all test cases, handles all edge cases (missing keys, updates, capacity eviction), uses proper sentinel nodes to eliminate boundary conditions, clean code with helpful docstrings and educational insights."
C04,attractor,0,e8efbd50,10,1,1029,20.81,True,0,UNKNOWN,0.0,False,"Complete, correct implementation achieving O(1) operations with proper doubly-linked list + hashmap design; all test cases verified; clear explanation with helpful sentinel node insight; proper code structure and comments."
C04,combined,0,d070faea,9,1,910,18.41,True,0,,0.0,False,"Correct, complete, and efficient O(1) LRU cache implementation using doubly-linked list and hashmap; handles all test cases and edge cases; clear explanation and code with helpful Insight; formatted exactly as requested."
C04,attractor,1,203008b2,10,1,951,18.52,True,0,UNKNOWN,0.0,False,"Complete, correct implementation with O(1) complexity for both operations, proper doubly-linked list + hashmap architecture, all test cases pass, clear explanations and insights provided."
C04,combined,1,9a17d0b0,9,1,899,17.56,True,0,,0.0,False,"Excellent, publication-quality implementation using optimal doubly-linked list + hashmap pattern; correctly achieves O(1) operations, handles all test cases, includes clean helper methods and docstrings, and provides a clear educational insight."
C04,ralph,1,103363ab,10,1,1017,19.62,True,0,,0.0,False,"Correct, complete LRU Cache implementation using doubly-linked list + hashmap. All test cases pass, O(1) complexity achieved, edge cases handled, code is clean and well-explained with educational insights."
C04,combined,2,dddc1c60,9,1,958,19.01,True,0,,0.0,False,"Complete, correct LRU cache implementation with O(1) get/put using doubly-linked list + hashmap; all test cases pass; excellent code structure with sentinel nodes; clear explanation with helpful educational insights. Exceptionally well-executed with no detectable errors or gaps."
C04,ralph,2,d8657ac4,10,1,1042,22.53,True,0,,0.0,False,"Exceptional solution: correctly implements O(1) LRU cache using doubly-linked list + hashmap with sentinel nodes, handles all test cases and edge cases, clearly written with proper helper methods and educational insight, no errors or omissions."
C04,attractor,2,66bcc559,9,1,1054,23.58,True,0,UNKNOWN,0.0,False,"Exceptional solution with correct O(1) implementation using sentinel-based doubly-linked list + hashmap, all test cases pass, sophisticated edge-case handling, clear educational explanation with complexity analysis, and proper code formatting."
C05,ralph,0,414c72cd,10,1,897,37.74,True,0,,0.0,False,"Solution correctly implements all required features, passes all test cases, processes elements in the correct order (links→bold→italic), and handles block-level vs inline parsing with clean, well-commented code."
C05,attractor,0,c8b29e84,10,1,938,44.98,True,0,UNKNOWN,0.0,False,"Complete, correct solution that passes all test cases, handles nested inline elements properly, implements correct processing order (bold before italic), and provides clear explanation of the design choices."
C05,combined,0,4b4697c6,10,1,938,52.06,True,0,,0.0,False,"Solution correctly implements all requirements, passes all test cases, properly handles block grouping and inline formatting in correct order (bold→italic→links), and is well-explained with clear code structure."
C05,attractor,1,f2cadc73,9,1,994,33.88,True,0,UNKNOWN,0.0,False,"Correctly solves all test cases with clean block/inline separation. Greedy matching implemented properly (bold before italic). Code is readable with good insights. Minor: doesn't explicitly address untested edge cases like multi-line paragraph newline handling, but approach is reasonable."
C05,combined,1,32e75c35,9,1,767,35.26,True,0,,0.0,False,"All test cases pass with correct logic; bold processed before italic to prevent interference; paragraph/heading block splitting works properly; minor deduction only because edge cases (e.g., malformed syntax) aren't explicitly handled, though the spec doesn't require it."
C05,ralph,1,b2eca860,10,1,930,36.92,True,0,,0.0,False,"Solution correctly implements all requirements: headings, bold/italic with proper precedence, links, paragraph wrapping, and blank line handling. Code is clean, efficient, and passes all test cases. Explanation demonstrates solid understanding of the greedy matching strategy."
C05,combined,2,978bfd44,9,1,841,28.69,True,0,,0.0,False,Correct implementation that handles all test cases and requirements; logic properly orders bold before italic processing; clean regex-based approach with good code organization and helpful explanation.
C05,ralph,2,fd42727d,10,1,991,42.19,True,0,,0.0,False,"Complete, correct solution that passes all test cases with proper handling of heading/paragraph separation, correct bold-before-italic parsing order, and accurate inline element matching. Code is well-organized with clear logic and appropriate use of regex patterns."
C05,attractor,2,f62066d2,10,1,912,29.17,True,0,UNKNOWN,0.0,False,"Solution correctly implements all Markdown parsing requirements with proper precedence ordering (bold before italic), accurate regex patterns, correct paragraph grouping with blank line handling, and clean explanatory code that handles all test cases."
C06,ralph,0,eda29668,9,1,968,22.57,True,0,,0.0,False,"Complete, correct implementation meeting all requirements. Both algorithms are properly implemented and benchmarked; all edge cases handled correctly. Three-way partitioning is a smart design choice for duplicate handling. Minor deduction only for lack of inline edge-case documentation."
C06,attractor,0,3d5c521e,9,1,1110,21.21,True,0,UNKNOWN,0.0,False,"Complete, correct implementation meeting all requirements. Both sorting algorithms are properly implemented from scratch, all edge cases handled correctly, benchmarking uses appropriate timing mechanism, and the three-way partition optimization for quicksort demonstrates strong algorithmic understanding. Minor room for enhancement (e.g., randomized pivot selection) prevents perfect score."
C06,combined,0,2f6a673e,9,1,1145,25.37,True,0,,0.0,False,"Complete, correct solution with both algorithms properly implemented, all edge cases handled, and benchmarking logic sound; minor deductions for functional-style quicksort (not in-place) and basic benchmarking strategy that could employ statistical validation."
C06,attractor,1,46f871eb,9,1,1168,21.0,True,0,UNKNOWN,0.0,False,"Excellent submission: both algorithms implemented correctly, all edge cases handled, benchmarking logic sound, code is clear and well-commented. Minor gap: benchmarking uses single runs rather than multiple averaged runs, though the <10 element threshold mitigates timing noise issues."
C06,combined,1,c59d5778,9,1,941,16.15,True,0,,0.0,False,"Complete, correct solution with both algorithms properly implemented, correct benchmarking methodology, all edge cases handled, and all test cases pass. Minor: insights placed at end rather than integrated throughout development narrative; quicksort uses naive first-element pivot selection (acceptable but could be noted)."
C06,ralph,1,99be9a38,9,1,1021,20.84,True,0,,0.0,False,"Complete, correct implementation that meets all requirements: both algorithms implemented from scratch, empirical benchmarking with proper timer, all edge cases handled, correct threshold logic, and clean code with excellent design decisions explained. Three-way quicksort partition is a sophisticated choice for duplicates. Minor room only for expanded complexity discussion or additional edge case comments."
C06,combined,2,24a3406e,10,1,1144,18.78,True,0,,0.0,False,"Flawless implementation: both sorting algorithms are correct, benchmarking uses high-precision timing, all test cases pass, edge cases are handled, small-array optimization is implemented, and the three-way quicksort partitioning elegantly handles duplicates while maintaining clarity."
C06,ralph,2,752f1a74,9,1,1064,17.25,True,0,,0.0,False,"Strong, correct implementation with both algorithms properly implemented, correct benchmarking logic, all edge cases handled, and clean code. Minor issue: unused import (copy module). Three-way quicksort partition is thoughtful for handling duplicates."
C06,attractor,2,16b1bb40,9,1,1150,18.95,True,0,UNKNOWN,0.0,False,"Complete and correct implementation of all requirements: both sorting algorithms work properly, benchmarking is empirical and sound, edge cases handled correctly, and < 10 element threshold respected. Excellent documentation with helpful complexity comments. Minor: quicksort uses last-element pivot (vulnerable to O(n²) on sorted data) but this doesn't affect correctness and benchmarking will still identify faster algorithm."
C07,ralph,0,249a6603,10,1,852,38.44,True,0,,0.0,False,"Complete, correct implementation handling all RFC 4180 requirements and test cases including quoted fields, escaped quotes, embedded newlines, empty fields, trailing newlines, and custom delimiters; code is clear and well-structured with accurate explanatory insight."
C07,attractor,0,08b6124e,8,1,754,48.51,True,0,UNKNOWN,0.0,False,"Solution correctly implements RFC 4180 CSV parsing with a clean state machine, passes all 9 test cases including edge cases (quoted fields, escaped quotes, embedded newlines, trailing newlines, empty fields, custom delimiters). Code is well-structured and clearly explained. Minor limitation: doesn't strictly enforce RFC 4180 rules about content after closing quotes (e.g., would accept `""hello""extra`), but this isn't tested."
C07,combined,0,4eee37e0,10,1,860,28.75,True,0,,0.0,False,"The submission correctly implements RFC 4180 CSV parsing with a clean state machine, passing all nine test cases including quoted fields with commas, escaped quotes, embedded newlines, empty fields, trailing newlines, multiple rows, custom delimiters, and empty input."
C07,attractor,1,222c2420,9,1,913,30.87,True,0,UNKNOWN,0.0,False,"Complete, correct implementation passing all test cases with sound character-by-character state machine logic; clear code structure and explanation; minor deduction for not handling edge cases like unclosed quotes or CRLF line endings (not in spec)."
C07,combined,1,f61681ef,9,1,806,111.93,True,0,,0.0,False,"Exceptional RFC 4180 CSV parser with correct state-machine design, passes all test cases including edge cases (embedded newlines, escaped quotes, trailing newlines). Clear code and excellent insight explanation, though sparse inline comments on tricky logic sections."
C07,ralph,1,a6b1155c,9,1,828,24.26,True,0,,0.0,False,"Solution correctly implements RFC 4180 CSV parsing with a clean state machine, handles all test cases including escaped quotes, embedded newlines, and trailing newlines; code is readable and well-explained, though the final row-appending logic could use inline comments."
C07,combined,2,0716c69e,9,1,795,37.22,True,0,,0.0,False,"State machine implementation correctly handles all test cases including quoted fields, escaped quotes via doubling, embedded newlines, empty fields, trailing newlines, and custom delimiters; code is clean with proper variable naming and helpful insight section."
C07,ralph,2,8209631f,10,1,886,39.55,True,0,,0.0,False,"Perfect solution: all test cases pass, handles all RFC 4180 requirements (quoted fields, escaped quotes, embedded newlines, custom delimiters, trailing newlines, empty fields), code is clear and efficient with proper lookahead logic for escaped quotes, and the accompanying insight accurately explains the state-machine approach."
C07,attractor,2,43809551,10,1,928,31.78,True,0,UNKNOWN,0.0,False,"Complete, correct RFC 4180 CSV parser that handles all requirements—quoted fields, escaped quotes, embedded newlines, empty fields, custom delimiters, trailing newlines—with clear logic, proper state tracking, and accurate edge case handling; all nine test cases pass."
C08,ralph,0,e4dfaee4,9,1,1051,17.85,True,0,,0.0,False,"Solution correctly implements exponential backoff, jitter, attempt tracking, and retry logic; all test cases should pass. Code is clear and properly structured with correct imports. Minor inefficiency in creating new ClientSession per request, but functionally correct."
C08,attractor,0,b92123b9,9,1,1222,28.42,True,0,UNKNOWN,0.0,False,"Complete, correct solution that passes all tests, implements exponential backoff with jitter, handles retryable status filtering, and includes defensive exception handling; well-commented with good insights; minor deduction for creating new ClientSession per attempt rather than reusing."
C08,combined,0,7d288778,9,1,978,27.87,True,0,,0.0,False,"Correct implementation of all requirements: exponential backoff formula, jitter application, proper retry logic, attempt counting, and error handling. Code is clean, readable, and should pass all test cases without issues."
C08,attractor,1,ab8df9d0,9,1,1019,27.6,True,0,UNKNOWN,0.0,False,"Complete and correct implementation meeting all requirements, with proper exponential backoff, jitter, status filtering, and attempt tracking; minor redundancy in final unreachable raise statement."
C08,combined,1,ccb875a7,9,1,1127,28.73,True,0,,0.0,False,"Correct implementation of all requirements: exponential backoff formula is accurate, jitter correctly applied as multiplier, retry logic properly handles retryable status codes, attempts counting is correct, and all three test cases pass; code is clean and well-explained with good insight commentary; minor issue is unreachable final raise statement after loop but logic is otherwise sound."
C08,ralph,1,c1c9d08f,10,1,1075,28.93,True,0,,0.0,False,"Submission correctly implements all requirements: exponential backoff formula, jitter application, proper retry logic on specific status codes, accurate attempt counting, and correct error handling. Code passes all three test cases, uses appropriate async patterns, and includes clear explanation of the logic flow."
C08,combined,2,1979cf0d,9,1,910,25.92,True,0,,0.0,False,"Complete and correct implementation of async fetch with exponential backoff and jitter; handles all test cases, uses proper async patterns, and includes thoughtful educational insights; only trivial concern is unreachable final raise statement which is defensible."
C08,ralph,2,7d0ec3cd,10,1,1106,20.85,True,0,,0.0,False,"Perfect solution: exponential backoff formula is correct, jitter application matches spec, retry logic handles all test cases (immediate success, retry then success, max retries exceeded), return format exact, all error cases handled properly."
C08,attractor,2,552ccd56,9,1,1147,35.64,True,0,UNKNOWN,0.0,False,"Correct implementation of all requirements: exponential backoff, jitter, retryable status filtering, proper error handling, and accurate attempt counting. Logic verified against all test cases. Excellent educational insights and clear code structure. Minor inefficiency (new ClientSession per loop) and unreachable final raise statement."
A01,attractor,0,47fea365,9,1,1583,24.1,True,0,UNKNOWN,0.0,,"Exceptional response: all five required analysis points are addressed correctly and thoroughly with code examples, accurate complexity claims, comprehensive edge cases, and insightful brute-force comparison. The analysis is correct, deep, and beautifully formatted. Minor clarity issues: the 'Step 1' header suggests incomplete work, and the final 'TASK COMPLETE' statement is redundant."
A01,combined,0,bf011b8d,9,1,1261,23.19,True,0,,0.0,,"Exceptional submission: all complexity claims are correct with proper justification, all 5 required analysis points thoroughly addressed with clear examples, the duplicate handling flaw is identified and demonstrated with code walkthrough, comparisons are accurate, and presentation is well-organized with effective use of tables and code blocks."
A01,attractor,1,25cc026b,8,1,1553,29.29,True,0,UNKNOWN,0.0,,"Excellent organization, thorough coverage of all 5 required points, and mostly correct analysis. However, the edge case table incorrectly claims [1,1,1,1] with target=2 returns [(1,2), (1,3), (2,3)], which contradicts the algorithm's behavior (should be [(0,1), (1,2), (2,3)]). The subsequent walkthrough shows correct understanding, suggesting transcription error rather than conceptual misunderstanding. Comprehensive comparison, clear structure, and insightful issue analysis partially offset this factual flaw."
A01,combined,1,93ec1c32,8,1,1662,24.76,True,0,,0.0,,"Excellent coverage of all five analysis dimensions with strong structure and tables. Time/space complexity claims are correct. However, the duplicate-handling edge case example is flawed: the claimed 'missing pair' (0,1) is not actually valid for the input [1,2,1] with target 2, making the bug illustration confusing despite the underlying concept being sound. Minor clarity issue here, but otherwise thorough, well-organized, and accurate analysis."
A01,ralph,1,47af64a5,8,1,1361,24.38,True,0,,0.0,,"Excellent structure and comprehensive coverage of all 5 required points. Time and space complexity analysis are correct. Critical strength: correctly identifies the duplicate-handling bug. Minor weaknesses: edge case examples contain inaccuracies (all-duplicates output description is unclear; Issue #1 example for target=4 is confusing since 1+2≠4). Overall a strong, well-organized analysis with only minor errors in specific examples."
A01,combined,2,efda1d6d,8,2,6084,71.88,True,0,,0.0,,"Submission thoroughly addresses all five required analysis points with correct complexity claims, comprehensive edge cases, and excellent comparison to brute force. The duplicate-handling correctness issue is properly identified. Weaknesses: presentation of two iterations creates confusion, some example traces are initially unclear (though later corrected), and verbosity could be reduced. Overall, this is a strong, competent analysis with minor clarity and presentation issues."
A01,ralph,2,aad85ba6,9,1,1398,28.55,True,0,,0.0,,"Exceptional submission addressing all five required analysis points with complete correctness, thorough code examples, and clear organization. Time/space complexity analysis is accurate; all edge cases are properly handled with detailed explanations; comparison with brute force is insightful; potential issues are thoroughly analyzed with no errors detected."
A01,attractor,2,6e4a6192,10,1,1557,27.46,True,0,UNKNOWN,0.0,,"Exceptional submission: all complexity claims are correct with rigorous justification, all five required analysis dimensions are thoroughly addressed with concrete examples, presentation is exceptionally well-organized with effective use of tables and code, and the work demonstrates sophisticated understanding including non-obvious insights about index overwriting behavior."
A02,ralph,0,df4d4a96,8,1,2733,47.08,True,0,,0.0,,"Technically sound design addressing all 7 required sections with concrete specifics (architecture, schema, encoding, caching, 3 failure scenarios). PostgreSQL choice well-justified, scaling math provided, RTO/RPO metrics included. Minor gaps: write queue replay mechanism underspecified, rate limiting absent, some secondary concerns (vanity URLs, deduplication) underdeveloped. Well-formatted with ASCII diagram and code examples."
A02,attractor,0,c6270e24,8,1,2484,46.02,True,0,UNKNOWN,0.0,,"Comprehensive design addressing all 7 required sections with concrete numbers, specific technologies, and implementable strategies; strong on architecture and core scaling decisions, but lacks security considerations, multi-region strategy, and disaster recovery details."
A02,combined,0,e350ee15,8,1,2905,49.95,True,0,,0.0,,"Comprehensive design document addressing all 7 required sections with concrete numbers, specific tech choices, and realistic tradeoff analysis; minor error (Redis quorum write syntax doesn't match actual Redis API) and some implementation details could be more precise, but overall architecture, scalability strategy, and failure mitigations are technically sound and professionally presented."
A02,attractor,1,e6abe380,8,1,3299,54.66,True,0,UNKNOWN,0.0,,"Comprehensive, well-structured design document addressing all 7 sections with concrete technologies, realistic bottleneck analysis, and sound failure mode mitigations; minor gaps in operational detail and some arbitrary performance assumptions prevent a perfect score."
A02,combined,1,7a5272cc,9,1,2925,49.86,True,0,,0.0,,"Comprehensive design document with correct technical claims (verified calculations, sound architecture choices), thorough coverage of all 7 required sections with concrete specifics (3,800 req/sec, 56.8B possibilities, Patroni failover, RTO/RPO metrics), well-organized with excellent formatting (ASCII diagram, SQL code, comparison tables), readable by senior engineers. Minor clarity improvements possible (slightly dense in scalability section; Redis allocation rationale could be clearer)."
A02,ralph,1,f431324e,8,1,3272,55.67,True,0,,0.0,,"Comprehensive, well-structured design with all 7 required sections thoroughly addressed, specific technologies, and realistic numbers. Sophisticated caching strategy (XFetch), solid failure mitigations, and clear architecture. However, birthday paradox collision probability calculation is mathematically incorrect (claims 1:11,000 when 100M URLs in 56.8B space guarantees collisions), though the distributed counter approach avoids this issue in practice. Minor gaps on consistency for newly created URLs."
A02,combined,2,4597606e,9,2,8076,113.01,True,0,,0.0,,"Exceptional technical design document with all 7 requirements thoroughly addressed. Concrete tech choices (PostgreSQL hash partitioning, Redis cluster, base62 encoding from auto-increment ID), realistic scale numbers (100M URLs, 10B redirects/month, 115k RPS peak), and battle-tested architecture. Detailed failure modes with operational mitigations, cost analysis, and observability strategy. Minor: terminology imprecision (PgBouncer connection pool description), and duplicate document submission reduces clarity slightly. Otherwise production-ready design appropriate for Bit.ly-scale systems."
A02,ralph,2,4b5918bd,9,1,2823,48.66,True,0,,0.0,,"Comprehensive design document with all 7 sections thoroughly addressed: concrete functional/non-functional requirements with specific numbers (115K ops/sec peak), well-justified architecture with ASCII diagrams, correct SQL schema with indexing strategy and justified SQL vs NoSQL tradeoff, sound base62 encoding with collision math, detailed scalability analysis with bottleneck identification and timeline-based responses to spikes, three-tier caching with specific hit rates and TTL reasoning, and three distinct failure modes with detection and mitigation strategies. Minor gaps in density and some sections could be slightly more digestible for clarity, but technical claims are accurate and well-reasoned throughout."
A02,attractor,2,468fce92,8,1,3888,65.0,True,0,UNKNOWN,0.0,,"Comprehensive design with sound architecture, all 7 required sections covered, excellent use of tables/diagrams/code, and robust failure handling—but undermined by a critical 10x scale inconsistency (200K peak QPS stated, but 10B/month requirement calculates to ~4K QPS average), which suggests either misreading the spec or mathematical error. Methodology and technical choices are solid; the mistake is in baseline numbers rather than design soundness."
A03,ralph,0,aba10f58,9,1,2419,40.14,True,0,,0.0,,"Exceptional audit identifying 6 real bottlenecks with mostly accurate quantification (e.g., 400 writes/sec driver pings, 800ms payment p99 impact on connections), highly concrete fixes (TimescaleDB, async queues, Redis/CDN caching), and perfect problem-impact-fix organization; minor hand-waving on per-request query counts and missing implementation complexity (downtime migration strategy) prevent perfection."
A03,attractor,0,10c5f056,8,1,2536,41.02,True,0,UNKNOWN,0.0,,"Submission identifies 6 real, quantified bottlenecks with concrete, implementable fixes. Correctness is strong (numbers are accurate, fixes are sound), depth exceeds requirement with specific tech choices and expected improvements. Clarity and structure are excellent with consistent problem/impact/fix format and summary table. Minor weakness: Bottleneck 6 (monolithic app) is less concrete than others—more architectural consequence than standalone bottleneck—and some technical details (PostgreSQL write contention mechanisms, distributed cache complexity) could be more precise."
A03,combined,0,9f5d5886,9,2,9885,124.32,True,0,,0.0,,"Exceptional submission identifying 8 concrete bottlenecks with production-grade fixes, specific code examples, infrastructure details, and a phased implementation roadmap; minor deductions only for approximations in concurrent thread calculations and slight verbosity."
A03,attractor,1,1a3cfafb,9,1,3736,60.55,True,0,UNKNOWN,0.0,,"Exceptional submission identifying 6 critical bottlenecks with mathematically sound quantification, production-ready code examples, and concrete implementable fixes. All calculations check out; recommendations address root causes. Minor gaps: operational complexity of new components not discussed, microservices migration risks not addressed, distributed tracing not mentioned as necessary for observability post-decomposition."
A03,combined,1,60a202b7,8,2,8139,101.21,True,0,,0.0,,"Strong submission identifying 7 bottlenecks (exceeds minimum 5) with correct math, concrete fixes (code examples, specific technologies, implementation roadmap), and thorough edge-case handling; minor weaknesses include redundant 'Iteration 2' section causing structural confusion and slightly over-optimistic concurrent request calculations, but overall production-quality analysis."
A03,ralph,1,0a39f2e9,9,1,2048,37.34,True,0,,0.0,,"Submission identifies 6 specific, real bottlenecks with correct mathematical analysis (connection pool exhaustion, payment latency, notification blocking, query overload, replication limits, monolithic fragility). Fixes are concrete and implementable (Redis batching, async webhooks, message queues, CQRS, microservices) with specific technologies, memory estimates, and priority ordering. Well-structured with problem/impact/fix format and summary table. Minor gaps: no risk analysis, trade-offs, or implementation timelines."
A03,combined,2,6fbf805f,9,2,9351,174.22,True,0,,0.0,,"Exceptional audit exceeding requirements (7 vs 5 bottlenecks) with mathematically sound analysis, production-grade code examples, failure mode assessment, cost breakdown, and actionable roadmap; minor weakness is length though mitigated by excellent organization."
A03,ralph,2,3ad5a31b,9,1,1911,39.51,True,0,,0.0,,Exceptional submission: all 5 bottlenecks are real and correctly quantified; fixes are concrete and implementable with code examples; organization is excellent (problem/impact/fix per bottleneck); prioritization provided. Deducted only for omitting monitoring/alerting strategy and cost/complexity trade-offs.
A03,attractor,2,7ca1589f,10,1,2776,54.74,True,0,UNKNOWN,0.0,,"Submission identifies 7 real, quantified bottlenecks exceeding the 5-minimum requirement, with mathematically sound analysis (400 writes/sec for locations, 83 orders/sec × 800ms payment latency, etc.). All fixes are concrete and implementable (Redis, Patroni, PgBouncer, async queues); trade-offs are addressed. Organized consistently with Problem/Impact/Fix structure, clear priority guidance, and actionable summary table. Publication-quality architecture audit."
A04,ralph,0,90f27abc,8,1,1613,27.06,True,0,,0.0,,"Excellent identification of 10 major vulnerabilities with correct severity ratings and well-explained attack vectors. Corrected code is functional and implements proper fixes (parameterized queries, secure token generation, constant-time comparison). Minor gaps: missed rate-limiting/account lockout (important security issue), and PBKDF2 fix assumes specific password storage format without documenting migration strategy or compatibility assumptions. Presentation is exceptionally clear and well-organized."
A04,attractor,0,4c2fe616,7,1,1833,26.47,True,0,UNKNOWN,0.0,,"Exceptional issue identification (14 issues, correct severities, clear attack vectors) and excellent explanation, but the corrected code contains a critical bug: missing 'import time' that causes runtime failure when executing time.time(), significantly undermining the completeness requirement."
A04,combined,0,bc661432,8,1,1678,25.75,True,0,,0.0,,"Comprehensive review identifying all major vulnerabilities with clear attack vectors and well-organized presentation, but corrected code omits `import time`, uses a hardcoded salt defeating PBKDF2's security guarantee, and some severity ratings are questionable (SQL injection on generated token as CRITICAL, race condition claim for serialized SQLite)."
A04,attractor,1,35cfbd27,9,1,1727,25.58,True,0,UNKNOWN,0.0,,"Exceptional code review identifying all 10 distinct issues with accurate severity ratings, specific attack vectors, and production-ready corrected code using parameterized queries, bcrypt hashing, cryptographic token generation, context managers, and comprehensive error handling."
A04,combined,1,790a82f7,9,1,1628,29.32,True,0,,0.0,,"Exceptional code review identifying all critical security issues (SQL injection, broken crypto) with specific attack vectors, appropriate severity ratings, and production-quality corrected code with comprehensive error handling, logging, and type hints; minor gap on rate limiting for brute-force defense."
A04,ralph,1,39dbbf36,8,1,1385,22.72,True,0,,0.0,,"Comprehensive issue identification with correct severities and clear explanations, but the corrected code contains a bug in timing-attack mitigation (bcrypt.gensalt() returns salt, not hash, causing the checkpw call to fail)."
A04,combined,2,003d50f1,9,1,1674,28.4,True,0,,0.0,,"Comprehensive and accurate identification of all critical security issues (SQL injection, weak hashing, timing attacks) with appropriate severity ratings and well-explained fixes. Corrected code addresses most vulnerabilities effectively. Minor flaw: the timing attack prevention uses a potentially malformed dummy Argon2 hash that could raise unhandled exceptions; a simpler approach would use hmac.compare_digest(). Despite this implementation detail, the submission demonstrates exceptional depth, clarity, and structure."
A04,ralph,2,be36bef8,9,1,1647,21.79,True,0,,0.0,,"Excellent identification of all critical issues (SQL injection, weak hashing, insecure tokens) with accurate severity ratings and clear attack vectors. Corrected code addresses all security flaws but contains a critical oversight: missing `import time` statement required for the corrected function to execute. Otherwise comprehensive, well-structured review with exemplary clarity and formatting."
A04,attractor,2,7abb13d4,8,1,1511,22.26,True,0,UNKNOWN,0.0,,"Comprehensive review identifying all 6 critical vulnerabilities with correct severity ratings and clear attack vectors; corrected code is well-structured with type hints and proper parameterized queries, but has a subtle bug in PBKDF2 salt handling (hex-to-bytes conversion missing) and incomplete coverage of the full authentication flow including user registration and salt generation."
A05,ralph,0,15473a99,9,1,1519,20.17,True,0,,0.0,,"Exceptional submission: all technical claims are accurate, all five required sections are substantive and well-reasoned, the self-attention mechanism is correctly explained with appropriate mathematical notation, the limitations identified are thoughtful and appropriate for an excerpt, and the impact assessment is comprehensive and historically sound. Structure is professional with clear headers, tables, and logical flow. Minor consideration: some impact claims extend slightly beyond what the excerpt strictly supports, though appropriate for the task."
A05,attractor,0,4aa22d8b,9,1,1508,23.96,True,0,UNKNOWN,0.0,,"Excellent submission: all five required sections substantive and accurate, technical explanations correct, well-structured with table and clear headers, insightful impact analysis explaining foundational status, thoughtful identification of six specific unaddressed limitations showing critical reading."
A05,combined,0,d5dfb3b8,9,4,17550,115.64,True,1,CONVERGING,-0.0928,,"Exceptional technical accuracy and comprehensive coverage of all required sections; formal notation correctly paired with intuitive explanation; limitations and impact assessment thorough. Minor clarity penalty due to multiple full versions presented sequentially, creating ambiguity about final submission; nevertheless, core content demonstrates exceptional depth and correctness."
A05,attractor,1,9623a77c,9,2,3635,41.42,True,0,DIVERGING,0.4794,,"Exceptional submission addressing all five required sections with accurate technical claims, substantive analysis, and clear accessible writing; minor stylistic elements and scope variations prevent a perfect score."
A05,combined,1,15a9e50a,8,2,4292,42.49,True,0,,0.0,,"Excellent technical summary with accurate explanations of self-attention, all required sections substantively covered, and clear communication. However, a confusing artifact appears at the end (paragraph about 'resubmitted in Iteration 2') that breaks structural integrity and undermines clarity of the final submission."
A05,ralph,1,a8809cec,9,2,5126,52.79,True,0,,0.0,,"Comprehensive, technically accurate summary covering all five required sections with substantive depth; minor: some multi-head attention details are inferred rather than explicit in the excerpt, but appropriately flagged."
A05,combined,2,a9461eab,9,2,4947,49.96,True,0,,0.0,,"Exceptional submission: technically accurate, covers all five required sections substantively, explains multi-head attention correctly with clear step-by-step mechanism, identifies genuine limitations not addressed in excerpt, and provides insightful impact assessment grounded in documented field history. Minor gaps: could explicitly address padding/variable-length handling in mechanism section, and some sections slightly compressed. Formatting and organization are exemplary."
A05,ralph,2,fa96705a,9,2,5276,52.07,True,0,,0.0,,"Comprehensive and technically accurate summary that addresses all five required sections substantively. Clear explanation of multi-head self-attention, well-reasoned limitations, and insightful impact assessment. Minor: unexplained duplication of the entire summary undermines structure."
A05,attractor,2,9cf3d4ef,9,1,1532,21.0,True,0,UNKNOWN,0.0,,"Exceptional submission with accurate technical claims, substantive coverage of all five required sections, clear communication pitched appropriately for ML engineers, and excellent formatting and logical flow throughout."
A06,ralph,0,fad0d3b8,8,1,3165,40.8,True,0,,0.0,,"Comprehensive, well-organized schema with sound design decisions (RLS, soft deletes, audit logging). Strong coverage of all 6 requirements with real SQL. Minor correctness issue: `current_user_id()` function used in RLS policies is never defined (would fail in PostgreSQL); trigger code is mentioned but not implemented. Otherwise excellent structure, clear indexing strategy, and thoughtful scaling recommendations."
A06,attractor,0,9726ab8d,8,1,3070,43.3,True,0,UNKNOWN,0.0,,"Excellent production-ready schema addressing all 6 requirements with valid PostgreSQL, sound RLS isolation, comprehensive indexing strategy, and detailed scaling considerations. Minor inefficiencies (issue_labels RLS subquery, audit trigger redundancy) and some design details (timezone handling, constraint enforcement) prevent a higher score, but the overall response demonstrates strong database architecture knowledge and is directly implementable."
A06,combined,0,7b533afc,9,1,3476,46.19,True,0,,0.0,,"Exceptionally thorough, production-grade submission with valid PostgreSQL throughout, all 6 requirements addressed in real SQL, well-justified architectural decisions (RLS over schema-per-tenant, denormalized org_id), comprehensive indexing tied to query patterns, and clear guidance for implementation. Minor: could show concrete JSONB audit format example or RLS context-setting code snippet in application."
A06,attractor,1,65d732fc,9,1,3277,44.89,True,0,UNKNOWN,0.0,,"Comprehensive, production-grade schema addressing all 6 requirements with real, implementable SQL. Sound design choices (RLS over schema-per-tenant with clear justification, JSONB audit logs, soft delete cascades, strategic indexing). Handles scale via partitioning, denormalization, and archiving. Well-organized with practical examples. Minor gaps: no discussion of transaction isolation for audit consistency, no performance benchmarks, feature flags section slightly disconnected."
A06,combined,1,3f9a4cca,8,1,3381,46.86,True,0,,0.0,,"Comprehensive, well-structured schema addressing all 6 requirements with real SQL; excellent depth on indexing, RLS strategy, and 10M-issue scaling. Minor correctness issue: the `get_current_user_orgs()` function references undefined `CURRENT_USER_ID` and won't execute as written, though the design pattern is sound. Outstanding organization and implementation guidance offset by this implementation detail and incomplete RLS policy examples."
A06,ralph,1,1d8dcc87,8,1,2808,39.69,True,0,,0.0,,"Strong, production-ready schema addressing all 6 requirements with valid PostgreSQL, sound multi-tenancy design, and concrete scaling strategies; minor gaps in RLS policy completeness and recursive CTE examples prevent a 9/10."
A06,combined,2,7e539f53,7,1,3381,49.09,True,0,,0.0,,"Comprehensive, well-organized schema addressing all six requirements with solid indexing strategy and soft-delete patterns. However, critical functional errors: CURRENT_USER_ID() is not a PostgreSQL built-in function (RLS and audit triggers will fail), race condition in issue numbering, incomplete RLS policy examples (shows 1 of ~8 needed), and missing enforcement of subscription plan limits. Schema structure is correct and implementable with fixes, but as-written contains non-functional code."
A06,ralph,2,1f76fa50,7,2,10032,151.52,True,0,,0.0,,"Excellent production-grade schema covering all six requirements with valid PostgreSQL, proper RLS isolation, comprehensive indexing, and thoughtful scale considerations; minor gaps in infrastructure details (VACUUM, transaction isolation levels) and some verbose trigger code prevent a higher score."
A06,attractor,2,c069365d,8,1,4306,54.69,True,0,UNKNOWN,0.0,,"Comprehensive, production-grade schema addressing all 6 requirements with real DDL, thoughtful design choices, and practical scale considerations; minor deductions for PostgreSQL dialect issues (auth.uid() is Supabase-specific, not standard PG) and some pseudo-code guidance mixed with DDL, but overall excellent depth, organization, and clarity."
A07,ralph,0,f1dbf8aa,9,1,2915,43.09,True,0,,0.0,,"Exceptional post-mortem with technically sound root cause analysis, rigorous 5 Whys and fault tree, 8 well-specified action items with owners/priorities/dates, thoughtful SLI/SLO definition including error budget analysis, detailed annotated timeline, and consistent blameless tone; all 6 required sections present and thoroughly addressed."
A07,attractor,0,ac13455f,9,1,2336,37.26,True,0,UNKNOWN,0.0,,"Comprehensive, technically accurate post-mortem with rigorous 5 Whys analysis, realistic annotated timeline, 8 specific action items with clear ownership/priority, and well-justified SLI/SLO framework; maintains blameless tone throughout and addresses all six required sections thoroughly."
A07,combined,0,a9d845f3,8,3,18185,149.54,True,0,CONVERGING,-0.637,,"Submission delivers technically accurate, comprehensive post-mortem with rigorous 5-Whys analysis, detailed fault tree, annotated timeline, 8 actionable items, and thorough SLI/SLO metrics. All 6 required sections present with strong blameless tone. Critical flaw: entire post-mortem is repeated verbatim 3 times, creating confusion and wasting space despite identical high-quality content. Technical accuracy is strong; repetition significantly harms clarity and structure."
A07,attractor,1,7cc07781,9,1,2579,36.99,True,0,UNKNOWN,0.0,,"Exceptional post-mortem: technically accurate root cause (missing index causing full table scans), rigorous 5-Whys analysis, detailed annotated timeline showing information asymmetry, specific actionable items (7 total with owner/priority/date), and properly quantified SLI/SLO violations. Maintains consistently blameless tone and uses tables effectively to convey complex information. Minor deduction for slight SLO calculation variance (99.95% shown as 21.6s when should be ~43s) and assumption of database knowledge; otherwise comprehensive and publication-ready."
A07,combined,1,f40d0cbf,9,1,2376,32.42,True,0,,0.0,,"Exceptional post-mortem: technically accurate root cause analysis, rigorous 5 Whys with realistic contributing factors, complete timeline with knowledge-state annotations, 8 actionable (exceeding minimum 5) and prioritized action items, and comprehensive metrics section. Professional formatting, blameless tone, and clear communication suitable for mixed audience. Minor deductions only for lack of supplementary diagrams (fault tree) or advanced incident protocols beyond scope."
A07,ralph,1,d1da86bb,8,1,2561,35.26,True,0,,0.0,,"Complete and technically accurate post-mortem with all six required sections; excellent depth in action items (8 total, well-prioritized), metrics with SLI/SLO violations and recommendations, and thoughtful contributing factors. Clear blameless tone, professional structure, and accessible to mixed audiences. Minor opportunities: timeline table is dense; could strengthen RCA with fault tree in addition to 5 Whys; some action items could specify quantified thresholds."
A07,combined,2,ef74495a,10,1,3205,44.34,True,0,,0.0,,"Exceptional submission: correctly identifies root cause via rigorous 5-Whys and fault tree, provides annotated timeline showing knowledge vs. reality gap, lists 7 contributing factors, delivers 8 specific action items (exceeds minimum) with success criteria, defines comprehensive SLI/SLO metrics with alerting thresholds, maintains blameless tone, and is well-formatted and accessible to both technical and non-technical audiences."
A07,ralph,2,74ef4e68,9,1,2832,41.47,True,0,,0.0,,"Exceptional post-mortem. All 6 required sections present with rigorous 5-Whys analysis, comprehensive timeline with annotated team context, 8 well-prioritized action items with measurable success criteria, specific SLI/SLO metrics, and contributing factors organized across process/tooling/organizational dimensions. Blameless tone, professional formatting, and actionable detail throughout. Minor: could push slightly harder on systemic why (why wasn't DBA review already standard), but otherwise publication-ready."
A07,attractor,2,1e433267,9,1,2785,39.21,True,0,UNKNOWN,0.0,,"Excellent, technically accurate post-mortem with comprehensive 5-Whys analysis, fault tree, 8 specific action items with owners/priorities/due dates, and updated SLI/SLO definitions; all six required sections present with strong blameless tone; minor: ASCII fault tree formatting could be clearer."
C01,ralph,0,ebe294ff,10,1,1232,27.46,True,0,N/A,0.0,True,"Exceptional submission: all methods implemented correctly with proper handling of edge cases (empty tree, duplicates, all deletion scenarios), consistent recursive approach, comprehensive docstring, and educational insights about key design decisions. All test cases pass."
C01,attractor,0,940004a5,10,4,338,27.0,True,0,CONVERGING,-0.15,True,"Complete, correct implementation of all BST operations with proper handling of duplicates, edge cases, and all deletion scenarios. All 8 tests pass. Clean recursive design with well-structured helper methods and clear documentation."
